Type;CurrentTime;ClientID;PacketID;PacketType;MessageID;PacketTimeQueued;PacketTimeSent;PacketTimeDelivered;TotalFragments;PrOthers;PrSenderA;PrSenderB;RealSenderLabel;Route;PoolSizes
RCV_PKT_REAL;109.27543296633367;417e91ef50991413c8e47ce52cfb8b093311cb6f7d5a9674124446f4f2338ca2;1bef80b99d3ef83382a96aa343059e4a0d91bf9b6c81efe76398cfe6c94456a4;REAL;0320a8a3047c206605b98c1db82e9ddf8d3676282f85747ce22d1358f7a1dc7b;102.0;102.54363828395027;109.27543296633367;1;0.9807557697439437;0.010933485401499056;0.00831074485455664;1;[M1, M3, M5, 417e91ef50991413c8e47ce52cfb8b093311cb6f7d5a9674124446f4f2338ca2];[]
RCV_PKT_REAL;114.33182767317214;417e91ef50991413c8e47ce52cfb8b093311cb6f7d5a9674124446f4f2338ca2;7db057c6d2fb6cd2173bec9e844ce7f1655ff7073fb548d123aaefef346c5ced;REAL;545ac1be1b15624ccb4f630ad30cc35ac7ba79785edf6c538eeedfda692ae96c;104.0;105.04894613541171;114.33182767317214;1;0.9796697065216872;0.011105510279612343;0.00922478319870142;1;[M1, M2, M5, 417e91ef50991413c8e47ce52cfb8b093311cb6f7d5a9674124446f4f2338ca2];[]
RCV_PKT_REAL;114.44826574083466;417e91ef50991413c8e47ce52cfb8b093311cb6f7d5a9674124446f4f2338ca2;4b46aaabc1501143618c3caa155ddba9febb2e648df039b7b4c8d79f2cb3fda7;REAL;e1f4727cbfd1d1a86716091cb1943a2bdc1243a1b1164c7c66867ea48b1b9509;108.0;109.12585117747064;114.44826574083466;1;0.979621184904385;0.011123415714037587;0.009255399381578253;1;[M1, M2, M5, 417e91ef50991413c8e47ce52cfb8b093311cb6f7d5a9674124446f4f2338ca2];[]
RCV_PKT_REAL;114.50207642573598;417e91ef50991413c8e47ce52cfb8b093311cb6f7d5a9674124446f4f2338ca2;0a131d699aeb609e36d021868ba790a7123c672950d97d77b35efd7dceeb7927;REAL;f672c86e76fd8ef2a90b4e4a05abc785596663771dc8ec64466d869e11f2f6e3;106.0;107.12246414123751;114.50207642573598;1;0.9795631137172714;0.011162267062859966;0.0092746192198673;1;[M1, M2, M4, 417e91ef50991413c8e47ce52cfb8b093311cb6f7d5a9674124446f4f2338ca2];[]
RCV_PKT_REAL;114.81821924351269;417e91ef50991413c8e47ce52cfb8b093311cb6f7d5a9674124446f4f2338ca2;677ddf1427244e2e5af034a69f2a7f30426c05e432c416b9652219bd050bab7f;REAL;bddc1105ee5ac63598db39af7f233157c975fa3dd130a33fbe4876f266e5c4dd;103.0;103.12344091244292;114.81821924351269;1;0.9794239885392193;0.011201873711037291;0.009374137749743945;1;[M0, M2, M5, 417e91ef50991413c8e47ce52cfb8b093311cb6f7d5a9674124446f4f2338ca2];[]
RCV_PKT_REAL;115.12643419630011;417e91ef50991413c8e47ce52cfb8b093311cb6f7d5a9674124446f4f2338ca2;60096b1fde7431feeff689c06cd5ab2f49c54fd38762e248306167ac7e518229;REAL;04c06cc8fe7bf86d892ee5ceb43f47c25e9c19f58b2cac9d3c9efad576bbd78c;101.0;101.44856913170287;115.12643419630011;1;0.9792564480731902;0.011259551179469637;0.009484000747340914;1;[M0, M2, M5, 417e91ef50991413c8e47ce52cfb8b093311cb6f7d5a9674124446f4f2338ca2];[]
RCV_PKT_REAL;118.27801499287492;417e91ef50991413c8e47ce52cfb8b093311cb6f7d5a9674124446f4f2338ca2;25d65a000e52e7a0325f343686efa8a4e9e2c24ac86cc4717cbcf9aee8bc29ff;REAL;74fa8835a677c8b99d821b6e2175b61c788290b05bd7fe4eadccb49e2615978f;111.0;111.09585176102352;118.27801499287492;1;0.9774446023724227;0.011643428105464808;0.010911969522113167;1;[M1, M3, M5, 417e91ef50991413c8e47ce52cfb8b093311cb6f7d5a9674124446f4f2338ca2];[]
RCV_PKT_REAL;118.85968398092324;417e91ef50991413c8e47ce52cfb8b093311cb6f7d5a9674124446f4f2338ca2;7a587cba69d691bfac68a2fb04bf524db30ef4b9925e5b1eb11513ef1f1dd22e;REAL;fe0d12468bf13507c22690e7f70c2041ddde8074b6dc8c6d5b1880e072133c1f;109.0;109.12585117747064;118.85968398092324;1;0.9770932256196838;0.011714064958893485;0.011192709421422257;1;[M0, M3, M4, 417e91ef50991413c8e47ce52cfb8b093311cb6f7d5a9674124446f4f2338ca2];[]
RCV_PKT_REAL;121.06414295451621;417e91ef50991413c8e47ce52cfb8b093311cb6f7d5a9674124446f4f2338ca2;268cf43da59c2b5ddcd4d48df7ded0638f033bef4c75f55bee97524cb3e6d757;REAL;a1d74b0a64e381f4a2ad36a3877ef2773fb47ca683d9f60f34e9f2e712791dad;110.0;111.09585176102352;121.06414295451621;1;0.9765291824935601;0.011798358884764848;0.011672458621676415;1;[M1, M3, M5, 417e91ef50991413c8e47ce52cfb8b093311cb6f7d5a9674124446f4f2338ca2];[]
RCV_PKT_REAL;121.32571551423882;417e91ef50991413c8e47ce52cfb8b093311cb6f7d5a9674124446f4f2338ca2;32f51f89f2e17cd40395df9bf91dbe045b04e72605c63ab89cab3b460ce104a6;REAL;a1c5013cc2166c36c629ef8c7f3a42a832e7c58b78e1e0fe342d11f8477ce146;112.0;112.06987388600359;121.32571551423882;1;0.9762984737070727;0.011847304207398738;0.011854222085529009;1;[M0, M3, M4, 417e91ef50991413c8e47ce52cfb8b093311cb6f7d5a9674124446f4f2338ca2];[]
RCV_PKT_REAL;121.46234577855802;417e91ef50991413c8e47ce52cfb8b093311cb6f7d5a9674124446f4f2338ca2;48a7e33774152ee4ce8e4e8380bf4fe97cba6de1a17201ff4e84d84356605437;REAL;9f46ed9717a31c1bd5419f560a4b99b125a4d729d672f56dad6ac34b7a259934;114.0;114.95058660736525;121.46234577855802;1;0.9764066541143148;0.01183664987832035;0.011756696007366424;1;[M0, M2, M5, 417e91ef50991413c8e47ce52cfb8b093311cb6f7d5a9674124446f4f2338ca2];[]
RCV_PKT_REAL;122.72740779783058;417e91ef50991413c8e47ce52cfb8b093311cb6f7d5a9674124446f4f2338ca2;318687bf00f333728385c50ab17eb6269e11b4a4538255e2f583a01192b22c19;REAL;f196f4923542e1033d99076291a5861e31078e7f9943b9549b2401e34699d5f4;105.0;105.04894613541171;122.72740779783058;1;0.9760443165632866;0.012023906032835107;0.011931777403879221;1;[M0, M3, M5, 417e91ef50991413c8e47ce52cfb8b093311cb6f7d5a9674124446f4f2338ca2];[]
RCV_PKT_REAL;124.90950761488071;417e91ef50991413c8e47ce52cfb8b093311cb6f7d5a9674124446f4f2338ca2;fd327648b1105c91c4a51961aba9597206f5d5d27ad2ea8cc3767faa379dd5f9;REAL;3a8cec454c7db4b3169ac3f2e0707b0a21c9d0c3c82410e348c78ef2f5df25ad;118.0;118.88863145575047;124.90950761488071;1;0.9756761766464946;0.012443445690202549;0.011880377663302499;1;[M1, M3, M5, 417e91ef50991413c8e47ce52cfb8b093311cb6f7d5a9674124446f4f2338ca2];[]
RCV_PKT_REAL;126.19851808136382;417e91ef50991413c8e47ce52cfb8b093311cb6f7d5a9674124446f4f2338ca2;70c136f68a496e0a61079c34854e63c749d832bc3302dbb7926d5d796b097783;REAL;d1e2e8ed1a291695986e7af2c2cf1c3962bdf67f387a050d897019a7167f3cdd;107.0;107.12246414123751;126.19851808136382;1;0.9753741336219263;0.013092320737080162;0.011533545640993662;1;[M0, M3, M4, 417e91ef50991413c8e47ce52cfb8b093311cb6f7d5a9674124446f4f2338ca2];[]
RCV_PKT_REAL;128.5118658879999;417e91ef50991413c8e47ce52cfb8b093311cb6f7d5a9674124446f4f2338ca2;3aef84248a998ec7736a4a160f18f74f942c290a85353bb123c1ca5d78e2003d;REAL;62be0868f5259f80b3167ea5addc24858bb852d5288111137bd2f7484f437f50;122.0;123.13980519195697;128.5118658879999;1;0.9754942411138922;0.014076822756401323;0.010428936129706138;1;[M1, M3, M4, 417e91ef50991413c8e47ce52cfb8b093311cb6f7d5a9674124446f4f2338ca2];[]
RCV_PKT_REAL;129.48742933593178;417e91ef50991413c8e47ce52cfb8b093311cb6f7d5a9674124446f4f2338ca2;a6072d8ebabc48d853a0c6a0ae93a8c0f9d511874b7f3415b0db35cdf6334d0d;REAL;c0c7ac104a20c6252e9efdf6961b19e971213442a662345c496ceec8b651ccf3;124.0;124.1545466352862;129.48742933593178;1;0.9756774486209485;0.014465040120654056;0.009857511258397018;1;[M1, M2, M5, 417e91ef50991413c8e47ce52cfb8b093311cb6f7d5a9674124446f4f2338ca2];[]
RCV_PKT_REAL;130.21874165445226;417e91ef50991413c8e47ce52cfb8b093311cb6f7d5a9674124446f4f2338ca2;af798579517c31c17b23eaff03a59089fc8a651cab77db15c6b75e0b3fd6a224;REAL;cb9189b667cc9d46fae8deff5ab4d80a1d02176224b857b4c4bf622770e69b21;121.0;121.0180982494814;130.21874165445226;1;0.9758596341054435;0.014658213274578403;0.009482152619976997;1;[M1, M3, M5, 417e91ef50991413c8e47ce52cfb8b093311cb6f7d5a9674124446f4f2338ca2];[]
RCV_PKT_REAL;130.75245035872362;417e91ef50991413c8e47ce52cfb8b093311cb6f7d5a9674124446f4f2338ca2;7e130a5d5c29847e44243881bb24783ffeca47ccd0657e3a7db24f3be94d6d4c;REAL;02cb1d9f9835cbd9e7b42e8dfe0a3336ce915ad5e1761eb55dbfed76f1c342a4;123.0;123.13980519195697;130.75245035872362;1;0.9758918061646586;0.014595923993241703;0.00951226984209863;1;[M1, M3, M4, 417e91ef50991413c8e47ce52cfb8b093311cb6f7d5a9674124446f4f2338ca2];[]
RCV_PKT_REAL;133.93543965610192;417e91ef50991413c8e47ce52cfb8b093311cb6f7d5a9674124446f4f2338ca2;20f7f4ecd0b190dc28f3bee0493dc67f712ceca928716c57b9cfc54318a6a393;REAL;18bac80f75cd01230a8e8c34e5cf0c9ae9ab6413f1b9f8dd64add0c2454722fb;127.0;128.1965966312265;133.93543965610192;1;0.9769734678396411;0.014911408620158682;0.00811512354019908;1;[M1, M3, M4, 417e91ef50991413c8e47ce52cfb8b093311cb6f7d5a9674124446f4f2338ca2];[]
RCV_PKT_REAL;134.1989429172557;417e91ef50991413c8e47ce52cfb8b093311cb6f7d5a9674124446f4f2338ca2;8dabea40a680caeaacd3c5930e8a974022939dafd77dcb9cc3cb501f9c99b25c;REAL;dabb53ecd4fa8dc2719a7d389eac65d5da89a7f45700acc44bccc61b82f7a091;115.0;115.76954168267017;134.1989429172557;1;0.9770599699269062;0.014903493815588496;0.008036536257503977;1;[M0, M3, M4, 417e91ef50991413c8e47ce52cfb8b093311cb6f7d5a9674124446f4f2338ca2];[]
RCV_PKT_REAL;134.45123137200264;417e91ef50991413c8e47ce52cfb8b093311cb6f7d5a9674124446f4f2338ca2;557a4f492d9dd3549b055f07893fb121c4d771dd14573618adf37b4b99996772;REAL;9569dd3385799a61dea3725e7e0069e17e82ad5ed6a06195d53c4ce2b2952997;119.0;119.75986135182399;134.45123137200264;1;0.9771487772003299;0.01488902015498068;0.007962202644688155;1;[M1, M3, M4, 417e91ef50991413c8e47ce52cfb8b093311cb6f7d5a9674124446f4f2338ca2];[]
RCV_PKT_REAL;134.54153549688135;417e91ef50991413c8e47ce52cfb8b093311cb6f7d5a9674124446f4f2338ca2;9d801a5936b3affa800d7c0f227eaecc210f8888e303061dec4b2b159bcb2a5f;REAL;efa16d9afd72f384050ca327a7a1e20ef28ff0be77f1dc3bb1a22f64333014b9;116.0;117.92646559779355;134.54153549688135;1;0.9771676827871749;0.014884489803980163;0.007947827408843856;1;[M1, M2, M4, 417e91ef50991413c8e47ce52cfb8b093311cb6f7d5a9674124446f4f2338ca2];[]
RCV_PKT_REAL;134.7326912627135;417e91ef50991413c8e47ce52cfb8b093311cb6f7d5a9674124446f4f2338ca2;027df29cc9bc28f6bd2555f6e7262ba9b310185d15c3ed2f5f222767a387c9eb;REAL;33f53ae05445b2163f12aae8df035f0f34caacd86e048f2947155d89b6e66e12;117.0;117.92646559779355;134.7326912627135;1;0.9772216383619101;0.014869270018683928;0.007909091619405161;1;[M0, M3, M4, 417e91ef50991413c8e47ce52cfb8b093311cb6f7d5a9674124446f4f2338ca2];[]
RCV_PKT_REAL;136.04311562046553;417e91ef50991413c8e47ce52cfb8b093311cb6f7d5a9674124446f4f2338ca2;c81c0bd1795edad37b39bc5ef9296d7f705d845cdf791d7245ee6a1137a1e2a5;REAL;cb17dbb785e70c8a4460d5ace612b1b3e02e25975b5beaf747ab73ffd1dde0d6;130.0;131.5620967795694;136.04311562046553;1;0.9775264294792181;0.01465668201377153;0.007816888507008155;1;[M1, M3, M4, 417e91ef50991413c8e47ce52cfb8b093311cb6f7d5a9674124446f4f2338ca2];[]
RCV_PKT_REAL;138.07002654418133;417e91ef50991413c8e47ce52cfb8b093311cb6f7d5a9674124446f4f2338ca2;bb10a45fc3be52c14a2b36d9c02daf818f0d14ed55a11c740a22a652f2772e03;REAL;5bd943b08f6b39c6d8210ba91d3d2890997c30d35a0aadfbfb405f4e8dc4556c;132.0;133.01470732728123;138.07002654418133;1;0.9781467419856037;0.013922361742093294;0.007930896272301247;1;[M1, M2, M5, 417e91ef50991413c8e47ce52cfb8b093311cb6f7d5a9674124446f4f2338ca2];[]
RCV_PKT_REAL;138.49856211576537;417e91ef50991413c8e47ce52cfb8b093311cb6f7d5a9674124446f4f2338ca2;9add363b01326c82286a9e50afc05fe47a9ff847e3aa79e864308fa6d9b1e4b1;REAL;b1e5f9f73eff0bfe614990e046fb6e4fd5268f86a0c26b7570ac4845ada97b12;129.0;129.84609409446193;138.49856211576537;1;0.9782127773468586;0.013769844876192433;0.008017377776947379;1;[M0, M2, M5, 417e91ef50991413c8e47ce52cfb8b093311cb6f7d5a9674124446f4f2338ca2];[]
RCV_PKT_REAL;140.64435215575025;417e91ef50991413c8e47ce52cfb8b093311cb6f7d5a9674124446f4f2338ca2;bba0716525ee59c118eb2c9b7f2678f75addc7d10f95ea1891b87ee2c616abba;REAL;b0ceda8eec1d2e17a0beb92086f6f0d5782f7068bc46c498d68051acb8456a1f;113.0;114.95058660736525;140.64435215575025;1;0.9782357713588172;0.01339891992116623;0.00836530872001582;1;[M0, M2, M4, 417e91ef50991413c8e47ce52cfb8b093311cb6f7d5a9674124446f4f2338ca2];[]
RCV_PKT_REAL;142.2570201902198;417e91ef50991413c8e47ce52cfb8b093311cb6f7d5a9674124446f4f2338ca2;30bc4ea4ff6146b3898381570ef202dae6e9f3ff575eaf73fe733e3998169d63;REAL;6431ade1166859617e7227ba763f2afbd60a0a88edc4cdda70a2f9621cd86fd1;131.0;131.5620967795694;142.2570201902198;1;0.9781518728351397;0.013266332329974472;0.008581794834885676;1;[M1, M2, M5, 417e91ef50991413c8e47ce52cfb8b093311cb6f7d5a9674124446f4f2338ca2];[]
RCV_PKT_REAL;143.14007258305475;417e91ef50991413c8e47ce52cfb8b093311cb6f7d5a9674124446f4f2338ca2;239d7f6c324bba92976a81133288ba50f0e36263896f867067013163314298de;REAL;2977a21e791ac0bef8e4da4ffdeac1d36ec5ab2b8a937e6455529e60a3391f32;136.0;136.79077184813818;143.14007258305475;1;0.9781025097170306;0.013248501959373563;0.00864898832359562;1;[M1, M2, M5, 417e91ef50991413c8e47ce52cfb8b093311cb6f7d5a9674124446f4f2338ca2];[]
RCV_PKT_REAL;143.2565367163125;417e91ef50991413c8e47ce52cfb8b093311cb6f7d5a9674124446f4f2338ca2;fc3c7ea457630bc1d55156302c62c414dece60e8534b16aed595f9fbcc77f7d8;REAL;9d5cf64b1cf4525e4f4fd0353d0e57202e98ac9505f026bb1aa75f9d77631500;128.0;128.1965966312265;143.2565367163125;1;0.9780407811904888;0.013261129938102008;0.008698088871408612;1;[M0, M2, M4, 417e91ef50991413c8e47ce52cfb8b093311cb6f7d5a9674124446f4f2338ca2];[]
RCV_PKT_REAL;146.6573314383669;417e91ef50991413c8e47ce52cfb8b093311cb6f7d5a9674124446f4f2338ca2;ad20e7dde160ff45c180f20041e08d3516140aeaa2209e007a206789a2de444d;REAL;7ae4700ffae1a562011ea286990c2588bcd04768fa47a9c86257d1ecb083a81f;142.0;143.7682768796871;146.6573314383669;1;0.9781004057785736;0.01336220256974352;0.008537391651682106;1;[M1, M2, M4, 417e91ef50991413c8e47ce52cfb8b093311cb6f7d5a9674124446f4f2338ca2];[]
RCV_PKT_REAL;146.87041136951012;417e91ef50991413c8e47ce52cfb8b093311cb6f7d5a9674124446f4f2338ca2;2a124b8d5c4a3fc1e8743887071b845848f3d41be2b439ffb90b9504f93bae9a;REAL;9cc4eff37a025ab7be02bd3307fc8c01fe5ccb996d1a1e2f524d9f8e67f4444b;125.0;125.56989354650638;146.87041136951012;1;0.9781070876131335;0.013381073007221574;0.008511839379644141;1;[M0, M2, M4, 417e91ef50991413c8e47ce52cfb8b093311cb6f7d5a9674124446f4f2338ca2];[]
RCV_PKT_REAL;148.35011548798008;417e91ef50991413c8e47ce52cfb8b093311cb6f7d5a9674124446f4f2338ca2;1d1c025dfd0b5868de2ad600141ba1f35ef2cb1d7b69f357141f065e9413fd9b;REAL;e2ecd07c9c28dd36d134005842ff14f6a16f89cb48e935d646531decd723c1b1;133.0;133.01470732728123;148.35011548798008;1;0.9781078308628702;0.013591048490687102;0.008301120646441427;1;[M0, M3, M4, 417e91ef50991413c8e47ce52cfb8b093311cb6f7d5a9674124446f4f2338ca2];[]
RCV_PKT_REAL;149.11059892031275;417e91ef50991413c8e47ce52cfb8b093311cb6f7d5a9674124446f4f2338ca2;30c0c7a1a25392745cdb455112e4825b10613eaf92125aef1f9f7a15bb3b4141;REAL;9abf54e696c63c27ec5d9a1a6c31c8a39dff2ab85036eed66c76182572289636;135.0;136.79077184813818;149.11059892031275;1;0.9780386833850383;0.013768750654185976;0.008192565960774502;1;[M1, M2, M4, 417e91ef50991413c8e47ce52cfb8b093311cb6f7d5a9674124446f4f2338ca2];[]
RCV_PKT_REAL;149.28599066204777;417e91ef50991413c8e47ce52cfb8b093311cb6f7d5a9674124446f4f2338ca2;54c6f7507020386224a1c4767ac3b08ed5e05f88b49cf6621451aa4eb5ec2f7f;REAL;a7c4439bca2c64ea44fbf9639facc8f97daa74fef6e189f4af6836e314b45c14;143.0;143.7682768796871;149.28599066204777;1;0.9780205299935327;0.01381609297326846;0.008163377033197524;1;[M0, M2, M4, 417e91ef50991413c8e47ce52cfb8b093311cb6f7d5a9674124446f4f2338ca2];[]
RCV_PKT_REAL;149.8470175976782;417e91ef50991413c8e47ce52cfb8b093311cb6f7d5a9674124446f4f2338ca2;5d07025d74db884fa764ce22504948be31bf9235bab6443162b908e86035d455;REAL;2dbaadf10b37f0202f583f210c33e7669017cb1fdd491302a646cd30721e1c35;120.0;120.21591068119426;149.8470175976782;1;0.9779574878238868;0.01396106752408611;0.008081444652025297;1;[M0, M3, M4, 417e91ef50991413c8e47ce52cfb8b093311cb6f7d5a9674124446f4f2338ca2];[]
RCV_PKT_REAL;149.92343632269046;417e91ef50991413c8e47ce52cfb8b093311cb6f7d5a9674124446f4f2338ca2;73458fad0de9b8648a77dc5b93c3315723b1a7b412856fe3b474119502ba99e5;REAL;6f6f5665ea643e976d06ba481c4f787ebc75407d66202ef8c26a4fc7bca1a708;140.0;140.0025386023988;149.92343632269046;1;0.9779461091859512;0.013982121995429647;0.008071768818617325;1;[M0, M3, M4, 417e91ef50991413c8e47ce52cfb8b093311cb6f7d5a9674124446f4f2338ca2];[]
RCV_PKT_REAL;151.1569146842388;417e91ef50991413c8e47ce52cfb8b093311cb6f7d5a9674124446f4f2338ca2;8255354d05a7716a3f36d7922cfd701fb49b31e19bc41899558370359583bca8;REAL;67ed0481d36ffa2b4a8721f5f4072ee710c623aec404bd08e8c50858ed78b7dc;134.0;136.79077184813818;151.1569146842388;1;0.9777460462103748;0.014308601750292414;0.007945352039331178;1;[M1, M3, M4, 417e91ef50991413c8e47ce52cfb8b093311cb6f7d5a9674124446f4f2338ca2];[]
RCV_PKT_REAL;151.87612563141644;417e91ef50991413c8e47ce52cfb8b093311cb6f7d5a9674124446f4f2338ca2;552571b175baacba5bdb39539db64a0f1ab8c3eae9fd8938a0c7c1861de9ca8c;REAL;54b2ff80355ea2897b32a3ac2790f3bff1ed9d37044bec0105604aa0358abea4;126.0;128.1965966312265;151.87612563141644;1;0.9776585172939504;0.014433223255145053;0.007908259450902446;1;[M1, M2, M4, 417e91ef50991413c8e47ce52cfb8b093311cb6f7d5a9674124446f4f2338ca2];[]
RCV_PKT_REAL;152.10754833868648;417e91ef50991413c8e47ce52cfb8b093311cb6f7d5a9674124446f4f2338ca2;bb0a895a06fae0d67a0511884d5711830b484c3fd8a042d7e2d6cc115ee9cb81;REAL;6ac975ed3194abd46f3785e55fd32c25e500d4e23e0666ecce10c26f76089210;148.0;148.06977552137198;152.10754833868648;1;0.9776286379790997;0.01447865496684359;0.007892707054054598;1;[M0, M2, M4, 417e91ef50991413c8e47ce52cfb8b093311cb6f7d5a9674124446f4f2338ca2];[]
RCV_PKT_REAL;154.36498633502285;417e91ef50991413c8e47ce52cfb8b093311cb6f7d5a9674124446f4f2338ca2;12149f1ac3fd5b6a739e89bab636733faf60b0b138c1a3c4815cb29a8a5854a7;REAL;9d1417bc3d2228eb54a48a3e74ff2a7005b6579f06d3724479aa86b20bb0932b;141.0;141.996466447511;154.36498633502285;1;0.9777590734639169;0.01458526604168355;0.007655660494397484;1;[M0, M2, M4, 417e91ef50991413c8e47ce52cfb8b093311cb6f7d5a9674124446f4f2338ca2];[]
RCV_PKT_REAL;155.00295546153643;417e91ef50991413c8e47ce52cfb8b093311cb6f7d5a9674124446f4f2338ca2;0d80764be9349828825810e8f88b67a4f1d58b4cfa1ef225f7362d1311eb1a60;REAL;80c556c3e49ff027dffb52e3727039e034069c709a3a2634d9b20be67166ecc1;138.0;138.25746859758513;155.00295546153643;1;0.9779827331768579;0.014432741828572963;0.007584524994568801;1;[M0, M2, M5, 417e91ef50991413c8e47ce52cfb8b093311cb6f7d5a9674124446f4f2338ca2];[]
RCV_PKT_REAL;156.35848045358725;417e91ef50991413c8e47ce52cfb8b093311cb6f7d5a9674124446f4f2338ca2;adf052b5c489d4b7cf04a6724ce3735a3402a6186dbedf24b39db9f7b3f6da79;REAL;7bf86b95dc5a28f6cc7ce15b2bd0032ba56c1c542410d9c9a69cf052a7c774ca;150.0;150.65259933738963;156.35848045358725;1;0.9780414759511168;0.014322314479335026;0.007636209569546435;1;[M0, M3, M4, 417e91ef50991413c8e47ce52cfb8b093311cb6f7d5a9674124446f4f2338ca2];[]
RCV_PKT_REAL;156.7888101765847;417e91ef50991413c8e47ce52cfb8b093311cb6f7d5a9674124446f4f2338ca2;5bf36d2f4f897646ec1afbdd69da9fa58472c46b82f5e2de30a13065d5190e18;REAL;a041ea81eb481dbb8a3a17508db6e53f6ae8b4b78490cd16e060f222b4a90921;137.0;137.59182330873406;156.7888101765847;1;0.978066273759923;0.014269149793775457;0.0076645764462993995;1;[M1, M2, M4, 417e91ef50991413c8e47ce52cfb8b093311cb6f7d5a9674124446f4f2338ca2];[]
RCV_PKT_REAL;157.3504225836314;417e91ef50991413c8e47ce52cfb8b093311cb6f7d5a9674124446f4f2338ca2;89ee0431da0fc3eb6c28f0180f32a54601133ff1feb49567ed385c41e823494e;REAL;2047f56463dfed01f5498770909c6b355321ac9e34fe171af57521465cf0a2a2;149.0;150.65259933738963;157.3504225836314;1;0.9781308525011816;0.014199769110511686;0.007669378388306524;1;[M0, M3, M5, 417e91ef50991413c8e47ce52cfb8b093311cb6f7d5a9674124446f4f2338ca2];[]
RCV_PKT_REAL;157.6784261198291;417e91ef50991413c8e47ce52cfb8b093311cb6f7d5a9674124446f4f2338ca2;4b1f5a12c4b12ac3ecebeaf3cfe7d19479cf9dfa7b4953080f6716ceaf85316d;REAL;fcd5cce7e657c4c066d174fed4691120063d47bb009e56664135ff39362c69ea;144.0;144.2533584927062;157.6784261198291;1;0.9781237904952319;0.014135452214103561;0.007740757290664772;1;[M0, M3, M5, 417e91ef50991413c8e47ce52cfb8b093311cb6f7d5a9674124446f4f2338ca2];[]
RCV_PKT_REAL;158.7344947802698;417e91ef50991413c8e47ce52cfb8b093311cb6f7d5a9674124446f4f2338ca2;2383ed17ae563e9f8807b19d35c486d2386c441500085f30db8ed40d610877eb;REAL;af540ebba8f792b0d3aee247669e061fa1e525d12d18218ea137ea3aa74d148a;154.0;154.68575021733133;158.7344947802698;1;0.9780082118252436;0.014054268237399295;0.007937519937355909;1;[M1, M3, M4, 417e91ef50991413c8e47ce52cfb8b093311cb6f7d5a9674124446f4f2338ca2];[]
RCV_PKT_REAL;159.74730949206048;417e91ef50991413c8e47ce52cfb8b093311cb6f7d5a9674124446f4f2338ca2;a82ba00798ba0f76e1b16f1c3ce3d0af1d411c6b30f0343e89e2fa19b22e89ea;REAL;91e1fe05c645e099d73d30e1488de4bdeecd2fd266c93f1226e6e645568888e6;155.0;157.4506597258058;159.74730949206048;1;0.977997486301475;0.01394270128462731;0.008059812413897399;1;[M0, M2, M5, 417e91ef50991413c8e47ce52cfb8b093311cb6f7d5a9674124446f4f2338ca2];[]
RCV_PKT_REAL;163.29396802323097;417e91ef50991413c8e47ce52cfb8b093311cb6f7d5a9674124446f4f2338ca2;522eec8ad2a58a5e28fb84528e14b47a461d4a2308325c604ac7dc899f2dc852;REAL;da6dfaabee7f334bffc5d7590503713b4b25c3a93b0522e9fc18a68fc05218e5;139.0;139.38998721642807;163.29396802323097;1;0.9779337695659259;0.01361109498472472;0.008455135449349001;1;[M1, M2, M4, 417e91ef50991413c8e47ce52cfb8b093311cb6f7d5a9674124446f4f2338ca2];[]
RCV_PKT_REAL;163.46589004686254;417e91ef50991413c8e47ce52cfb8b093311cb6f7d5a9674124446f4f2338ca2;1b685c40fdc8e4d75d1906dd2b4e401d6cdb5c657f52515d38c314addc2a27fc;REAL;98ac7a1e575e5082ef60ff828a389492ec751914d3ace58ab7b3fb9beec13c00;145.0;145.6618383111555;163.46589004686254;1;0.9779162460814371;0.013620964666872685;0.008462789251689794;1;[M1, M3, M4, 417e91ef50991413c8e47ce52cfb8b093311cb6f7d5a9674124446f4f2338ca2];[]
RCV_PKT_REAL;164.87882915941717;417e91ef50991413c8e47ce52cfb8b093311cb6f7d5a9674124446f4f2338ca2;29b257ec7b163174821a97be85b288ca7a24e663313ad442c1bcd757fe999516;REAL;64c4fe6f7ef7f7e5ca6f45984c76a8bfaa45a4658f9ea6480001fff90beaafc2;156.0;157.4506597258058;164.87882915941717;1;0.9776364955482831;0.013750904326640166;0.008612600125077306;1;[M0, M2, M4, 417e91ef50991413c8e47ce52cfb8b093311cb6f7d5a9674124446f4f2338ca2];[]
RCV_PKT_REAL;165.56625709408408;417e91ef50991413c8e47ce52cfb8b093311cb6f7d5a9674124446f4f2338ca2;b122dbac41bfc3971dbe81fd2d91dd0c16630b80bacdb750a0ca5bdf4fca3996;REAL;ac31cf6704ba614a74855572db7c7f3f8d7ffe9f1aacb15d570086a79dcb44f5;161.0;161.46737108349112;165.56625709408408;1;0.977527874852277;0.013803800855387113;0.008668324292336384;1;[M0, M3, M4, 417e91ef50991413c8e47ce52cfb8b093311cb6f7d5a9674124446f4f2338ca2];[]
RCV_PKT_REAL;168.18876565887746;417e91ef50991413c8e47ce52cfb8b093311cb6f7d5a9674124446f4f2338ca2;fd7c8c20d482d2f0c0cf9a2e18dd23eda8e5cb68ec117e5ee60bd4453ba2cb45;REAL;bab70b060c0a8214f181dc34e62b3dd80d2dbe1c3b897d1de63702c1bc9f2d32;146.0;147.12151410322764;168.18876565887746;1;0.9771658697075958;0.013972461857492917;0.008861668434910345;1;[M1, M3, M5, 417e91ef50991413c8e47ce52cfb8b093311cb6f7d5a9674124446f4f2338ca2];[]
RCV_PKT_REAL;168.54752333653707;417e91ef50991413c8e47ce52cfb8b093311cb6f7d5a9674124446f4f2338ca2;7741f9a51e3cb136193c6dfc7c82546134b0b8802f4685d593810e0701a7eb62;REAL;9c8b9760b3c95274603762cb69cc2f11753c570280a56fd4a59a2f1eb2bf2dca;152.0;154.68575021733133;168.54752333653707;1;0.9772296150114008;0.013931716445057259;0.008838668543541255;1;[M1, M3, M4, 417e91ef50991413c8e47ce52cfb8b093311cb6f7d5a9674124446f4f2338ca2];[]
RCV_PKT_REAL;168.98434842562762;417e91ef50991413c8e47ce52cfb8b093311cb6f7d5a9674124446f4f2338ca2;aa58a0b5e09e4b5e02eec475a8ee4eaa7338468bde025c7bc9777ab0df53a9df;REAL;ed2523c48b03c317004d5a47393c83e603717bdcdb7647188114c3561e90fa07;151.0;151.55373388205535;168.98434842562762;1;0.9771508430096907;0.013965497680691588;0.00888365930961736;1;[M0, M2, M5, 417e91ef50991413c8e47ce52cfb8b093311cb6f7d5a9674124446f4f2338ca2];[]
RCV_PKT_REAL;170.1781949470496;417e91ef50991413c8e47ce52cfb8b093311cb6f7d5a9674124446f4f2338ca2;2196e3e43b5df88f0781df7cd0a9820c055ee51efe7973b1c3d67e226ee0e7d4;REAL;242a7b6019f5860f13d2c8d3f9847ed13a6074ff161dc01c3f0ca710ac69f8fa;165.0;165.31268399012538;170.1781949470496;1;0.9771644724935464;0.013929565165486693;0.008905962340966434;1;[M0, M3, M5, 417e91ef50991413c8e47ce52cfb8b093311cb6f7d5a9674124446f4f2338ca2];[]
RCV_PKT_REAL;173.3099943869247;417e91ef50991413c8e47ce52cfb8b093311cb6f7d5a9674124446f4f2338ca2;2247f67b8a87bed7944fa96c86ee4d2cf8910aff1f837ae658a94fcd46a1fc0c;REAL;cbd8a6a77b4889627ad77d32e8714a0e103298a9cce026491fb4b8fb5c18d8df;163.0;163.89531144229872;173.3099943869247;1;0.9769868892673786;0.01415467686525742;0.008858433867364086;1;[M0, M2, M5, 417e91ef50991413c8e47ce52cfb8b093311cb6f7d5a9674124446f4f2338ca2];[]
RCV_PKT_REAL;173.3137707217223;417e91ef50991413c8e47ce52cfb8b093311cb6f7d5a9674124446f4f2338ca2;b67eb6ffce73024379dd95216ecdc7af5a566d9a8e93e73f41b1eb3f5bbdf41c;REAL;6d4552999fdfe783d41446870d02422505432bab7dc3c4c195eac6a68bfb950e;158.0;160.40255351581368;173.3137707217223;1;0.9769868892673786;0.01415467686525742;0.008858433867364086;1;[M0, M3, M5, 417e91ef50991413c8e47ce52cfb8b093311cb6f7d5a9674124446f4f2338ca2];[]
RCV_PKT_REAL;173.33112367383944;417e91ef50991413c8e47ce52cfb8b093311cb6f7d5a9674124446f4f2338ca2;b700b4a6c4d644c848af9e5a6a34e2c9c2e45c0185f36047c3a22a3201f6451a;REAL;3acb2328c2089274e838da39deb1134dd82d2248ff53a1a7e485d9f6afd84e2e;162.0;163.89531144229872;173.33112367383944;1;0.9769822136553565;0.014158265414375242;0.008859520930268363;1;[M1, M3, M5, 417e91ef50991413c8e47ce52cfb8b093311cb6f7d5a9674124446f4f2338ca2];[]
RCV_PKT_REAL;174.12987079600708;417e91ef50991413c8e47ce52cfb8b093311cb6f7d5a9674124446f4f2338ca2;4e602790cd83b0e3bff85ee3384b09ea0996173cb958cee4ee962a864eaaaac4;REAL;2e5270f494eccbe08a1b3eba7ef1425223d1dc225250227d6a836a558fba3d46;169.0;169.0261555220424;174.12987079600708;1;0.9768254217755297;0.014256030278901644;0.008918547945569824;1;[M0, M2, M4, 417e91ef50991413c8e47ce52cfb8b093311cb6f7d5a9674124446f4f2338ca2];[]
RCV_PKT_REAL;175.5438711287453;417e91ef50991413c8e47ce52cfb8b093311cb6f7d5a9674124446f4f2338ca2;12407b24034cacea7bd0c5df4a7a333e698662a69cbeff008b8a138375e5bb92;REAL;4fdf28680c5bd51a4ebed185fa98369f762979cfb8bd74806b860283bf267f2f;160.0;160.40255351581368;175.5438711287453;1;0.9763909304877078;0.014554370711689916;0.009054698800602274;1;[M1, M3, M5, 417e91ef50991413c8e47ce52cfb8b093311cb6f7d5a9674124446f4f2338ca2];[]
RCV_PKT_REAL;175.6251123711549;417e91ef50991413c8e47ce52cfb8b093311cb6f7d5a9674124446f4f2338ca2;8b26c03ec1e7c6afc67590060b9ed0fb4f1ee53b37dd55a5e1686292c7264312;REAL;41d79cdf83ca94493eeb36ccabe87bfe24d4e3185380bc5bd9b2630a91913063;157.0;157.4506597258058;175.6251123711549;1;0.9763434992581779;0.014554697153552763;0.009101803588270606;1;[M0, M3, M4, 417e91ef50991413c8e47ce52cfb8b093311cb6f7d5a9674124446f4f2338ca2];[]
RCV_PKT_REAL;176.38895041754026;417e91ef50991413c8e47ce52cfb8b093311cb6f7d5a9674124446f4f2338ca2;fd8420e363b36bfc93ebc5da3d283a646759446946b3bf44ba7a8f399afc2140;REAL;1980af908404613a6e83bad3c4817797af19e5952489304a80ff5e93c8a32b4f;153.0;154.68575021733133;176.38895041754026;1;0.9760140261844888;0.014719291689081832;0.009266682126429376;1;[M1, M2, M5, 417e91ef50991413c8e47ce52cfb8b093311cb6f7d5a9674124446f4f2338ca2];[]
RCV_PKT_REAL;176.54122863576168;417e91ef50991413c8e47ce52cfb8b093311cb6f7d5a9674124446f4f2338ca2;c625cb3b69febc58f628e2ed2d317c936bba33f0aea2199dedbf17ccf5fb7d0d;REAL;255474ff993b3f5d2db108d9e3ee348cb95459136c6eaf0a2391f1dd164872e6;166.0;166.0787148804813;176.54122863576168;1;0.9760192997132979;0.014697424016844601;0.009283276269858151;1;[M0, M3, M4, 417e91ef50991413c8e47ce52cfb8b093311cb6f7d5a9674124446f4f2338ca2];[]
RCV_PKT_REAL;177.37471579430442;417e91ef50991413c8e47ce52cfb8b093311cb6f7d5a9674124446f4f2338ca2;651e6dee6e42b28d6101cd8219d37c0a67e209e8f3f2edd91efd33f15a5f4fb2;REAL;e1e5cba83c670fa135e1b5f4fcea27605ec1a3f6686f78995e521f5ae8393a30;170.0;170.41473406122302;177.37471579430442;1;0.9756662438599074;0.014805205358987982;0.00952855078110472;1;[M0, M2, M4, 417e91ef50991413c8e47ce52cfb8b093311cb6f7d5a9674124446f4f2338ca2];[]
RCV_PKT_REAL;178.50880107674143;417e91ef50991413c8e47ce52cfb8b093311cb6f7d5a9674124446f4f2338ca2;7126993e8fdd29ead8b97fa8d23833338dc0d506cf114f0407693a94686c0614;REAL;d701f33977558cc8a110e71efc923de2229b140151e12fcd064f60e097b82885;159.0;160.40255351581368;178.50880107674143;1;0.974954969599306;0.01500909217761249;0.010035938223082113;1;[M0, M2, M4, 417e91ef50991413c8e47ce52cfb8b093311cb6f7d5a9674124446f4f2338ca2];[]
RCV_PKT_REAL;181.7939390968508;417e91ef50991413c8e47ce52cfb8b093311cb6f7d5a9674124446f4f2338ca2;e0a2fb993b259eff9d5c3120affe77321ffb3521384e2ef33bf63b0c131d24bf;REAL;0d14ce40b8540a3c9a8fa22be1c3dadd2210c7248b36d33c6ce868057502a5b3;147.0;147.12151410322764;181.7939390968508;1;0.9731892231466925;0.015626728333374376;0.011184048519932576;1;[M0, M2, M5, 417e91ef50991413c8e47ce52cfb8b093311cb6f7d5a9674124446f4f2338ca2];[]
RCV_PKT_REAL;182.96905778660982;417e91ef50991413c8e47ce52cfb8b093311cb6f7d5a9674124446f4f2338ca2;c933966b6f92360612a2308e04319d674df4c82597999ce3f0ff41c522fce143;REAL;58e6fd06b13d0492dcbd5064a1f03ed791bc3e0ba93bbff9d6c8f3e0bf26774c;179.0;179.04978204010757;182.96905778660982;1;0.9726908155220241;0.015830963584142262;0.011478220893833085;1;[M1, M3, M5, 417e91ef50991413c8e47ce52cfb8b093311cb6f7d5a9674124446f4f2338ca2];[]
RCV_PKT_REAL;183.02181415614822;417e91ef50991413c8e47ce52cfb8b093311cb6f7d5a9674124446f4f2338ca2;a905549ebdff59be0580aa39288f76ba8d52f202f9cfd9ad45d86b583604cc22;REAL;6824661c58c304fbe5823ab39ee5d8d485c4a0da10aa1afaabf6b423003884df;164.0;164.69645957555178;183.02181415614822;1;0.9726820207913156;0.01583372094706926;0.011484258261614562;1;[M1, M3, M5, 417e91ef50991413c8e47ce52cfb8b093311cb6f7d5a9674124446f4f2338ca2];[]
RCV_PKT_REAL;184.69127588653052;417e91ef50991413c8e47ce52cfb8b093311cb6f7d5a9674124446f4f2338ca2;e80d1c6421e62ff7764d503d64b90c0967f3803ae98d600a29f9769b29f7a9cf;REAL;d58852051b9406819f560f931f69c8a9f41bf25a380bd2492e8e950b269e207e;177.0;177.15868436043291;184.69127588653052;1;0.972185491778132;0.015882766510479773;0.01193174171138791;1;[M0, M2, M5, 417e91ef50991413c8e47ce52cfb8b093311cb6f7d5a9674124446f4f2338ca2];[]
RCV_PKT_REAL;185.34806838054476;417e91ef50991413c8e47ce52cfb8b093311cb6f7d5a9674124446f4f2338ca2;e56846d840edcca7a19f98573d637aca6af7c4a511d30ae7310dfd37af6bab8d;REAL;6a451c08282876ac01bec85fef81717b610b3940875588a171424f4b9b280d22;171.0;171.1559759497197;185.34806838054476;1;0.9721076792452914;0.01584514682626772;0.012047173928440475;1;[M1, M3, M5, 417e91ef50991413c8e47ce52cfb8b093311cb6f7d5a9674124446f4f2338ca2];[]
RCV_PKT_REAL;187.20649233118297;417e91ef50991413c8e47ce52cfb8b093311cb6f7d5a9674124446f4f2338ca2;4d6ac5de8f9fe30e65782c2c5e06fd7298344b9a4506486047b3be7c1bb3b18e;REAL;3eff9c415d8d61dc65a765c93ad3e40a92b084443ce75e735d03ab4ab91465a5;175.0;175.77139082800917;187.20649233118297;1;0.9718991538012504;0.015615622081469485;0.012485224117279611;1;[M0, M2, M4, 417e91ef50991413c8e47ce52cfb8b093311cb6f7d5a9674124446f4f2338ca2];[]
RCV_PKT_REAL;188.6866677408129;417e91ef50991413c8e47ce52cfb8b093311cb6f7d5a9674124446f4f2338ca2;0e599cdf1e25de37de42bd4746a164e9742f62d49d9f74d9de87f59d96acacb9;REAL;9e7512d2f69b60b320c805de763e0c3d4f55cff9cdb35fc367a0c57ec202fe9f;174.0;174.54015091429153;188.6866677408129;1;0.9716675480751849;0.015428827947881982;0.012903623976933296;1;[M0, M2, M4, 417e91ef50991413c8e47ce52cfb8b093311cb6f7d5a9674124446f4f2338ca2];[]
RCV_PKT_REAL;190.26678459014852;417e91ef50991413c8e47ce52cfb8b093311cb6f7d5a9674124446f4f2338ca2;98f6335365f959b5cc864c7557265c666b83fe3f8285a63d3ff512f2d7e90175;REAL;19aee1b7a22b5dd90d622df431e2103ab5ebe850ecb54d2c2545f536bb7342d5;180.0;180.0008165105949;190.26678459014852;1;0.9716578816210939;0.015139327038429866;0.013202791340476356;1;[M0, M2, M4, 417e91ef50991413c8e47ce52cfb8b093311cb6f7d5a9674124446f4f2338ca2];[]
RCV_PKT_REAL;191.6072645945011;417e91ef50991413c8e47ce52cfb8b093311cb6f7d5a9674124446f4f2338ca2;f2c468b78a9ac1a051ce6c1bf61aa0487a3cbacbb54b5e4424d286a42ae1f6a5;REAL;2407ec0e3de698c677e4d767d2a03278763808f4d9393efc0d2959cb6dec2717;167.0;167.36005446733384;191.6072645945011;1;0.9717620174764803;0.014796676049055605;0.013441306474464159;1;[M1, M2, M4, 417e91ef50991413c8e47ce52cfb8b093311cb6f7d5a9674124446f4f2338ca2];[]
RCV_PKT_REAL;191.80116281263778;417e91ef50991413c8e47ce52cfb8b093311cb6f7d5a9674124446f4f2338ca2;e0c8b3e96c86fa66db451391b8a09f031a513b503daf7d734538b7d31ed2cff9;REAL;f7c3c53f2e6aec914b9bfa92e15957d3ab0d7cbaf7ede4ccdd369fb7802e5fcc;181.0;181.077243442655;191.80116281263778;1;0.9717850017194725;0.014735898473060954;0.013479099807466475;1;[M0, M2, M4, 417e91ef50991413c8e47ce52cfb8b093311cb6f7d5a9674124446f4f2338ca2];[]
RCV_PKT_REAL;192.5455974778387;417e91ef50991413c8e47ce52cfb8b093311cb6f7d5a9674124446f4f2338ca2;2b5b0a1290900bc39f09f3280c414163353686df50fd892fdf8110a890e8c83c;REAL;d287e8a6caa30e68c77e0864f1f8135ce82f2737e8c66a20686f42e0d68fb113;168.0;169.0261555220424;192.5455974778387;1;0.9718105653324677;0.014532468061930924;0.013656966605601211;1;[M1, M3, M4, 417e91ef50991413c8e47ce52cfb8b093311cb6f7d5a9674124446f4f2338ca2];[]
RCV_PKT_REAL;193.10119454611618;417e91ef50991413c8e47ce52cfb8b093311cb6f7d5a9674124446f4f2338ca2;22f2227a6eca625f7ef73705ff1892b3fe1ec9f7b7d4f1deb939c5f5a26e4b5d;REAL;26d27137fcb4eaf598dcee0d0e064a0d9e258428128a8033e756d510a366f61c;176.0;177.15868436043291;193.10119454611618;1;0.9718124238075039;0.01440623814242842;0.013781338050067172;1;[M0, M2, M4, 417e91ef50991413c8e47ce52cfb8b093311cb6f7d5a9674124446f4f2338ca2];[]
RCV_PKT_REAL;193.8674022742833;417e91ef50991413c8e47ce52cfb8b093311cb6f7d5a9674124446f4f2338ca2;0d9ec0084c2f9ee1b7d9cd84fabbcf9a3ee073f15a1ec9501b7dc52c98d7cfe6;REAL;08d5e4e9840b8a6a39ca28854209efe76258dee389143da8596f4789bbec7943;172.0;172.35355582557568;193.8674022742833;1;0.9717891985756953;0.014304847789550065;0.013905953634753877;1;[M1, M2, M4, 417e91ef50991413c8e47ce52cfb8b093311cb6f7d5a9674124446f4f2338ca2];[]
RCV_PKT_REAL;194.5101150471633;417e91ef50991413c8e47ce52cfb8b093311cb6f7d5a9674124446f4f2338ca2;9cc20f026c84cc2c166d47442d08c82e20e3906d6932f3b0354986254d239990;REAL;7b8b99210ff20b03faeb46b24cc48b2ebed62fbf159e0dd88c5f053fda932c6c;178.0;179.04978204010757;194.5101150471633;1;0.9717835876121567;0.014283289302428686;0.013933123085413914;1;[M1, M3, M4, 417e91ef50991413c8e47ce52cfb8b093311cb6f7d5a9674124446f4f2338ca2];[]
RCV_PKT_REAL;194.89116862295938;417e91ef50991413c8e47ce52cfb8b093311cb6f7d5a9674124446f4f2338ca2;3c21442150a0146699a59bd5c1cdfb17cd40161f07fc10e87e6b6be347d78d35;REAL;208451d91c32a95589167eb26a1055321921984136debb71ddae3a89af00d59b;173.0;174.54015091429153;194.89116862295938;1;0.9718009717483339;0.014260296953792452;0.013938731297873777;1;[M0, M2, M5, 417e91ef50991413c8e47ce52cfb8b093311cb6f7d5a9674124446f4f2338ca2];[]
RCV_PKT_REAL;195.69260137865973;417e91ef50991413c8e47ce52cfb8b093311cb6f7d5a9674124446f4f2338ca2;743d317876b81c9a55492f7fffc6ff5d4f59b60e4c05a2673fe1f6971499d2c1;REAL;798b85f80e961c16927904f7e5b68883af15c0725115f98e2023ba6afd7f55c0;182.0;184.51253229612465;195.69260137865973;1;0.9718222074948688;0.014252849052129393;0.013924943453001859;1;[M1, M3, M5, 417e91ef50991413c8e47ce52cfb8b093311cb6f7d5a9674124446f4f2338ca2];[]
RCV_PKT_REAL;200.8772604518913;417e91ef50991413c8e47ce52cfb8b093311cb6f7d5a9674124446f4f2338ca2;7e26152717946805edda2ce923f65b9b8cf5d952e3c54d7dd05da60316b85f08;REAL;05e3bd64a4ad4c6a0668898ea4e51d4c69044f4aaac81c56e3ba500c5877b9f7;185.0;186.11753822579465;200.8772604518913;1;0.9727914042430871;0.013558365359021827;0.013650230397891124;1;[M1, M2, M4, 417e91ef50991413c8e47ce52cfb8b093311cb6f7d5a9674124446f4f2338ca2];[]
RCV_PKT_REAL;201.54460354221766;417e91ef50991413c8e47ce52cfb8b093311cb6f7d5a9674124446f4f2338ca2;138e69207f3882873c2967b7ae942c2455359fe46560a93f1391d38a053a9d7f;REAL;b7eb0d82fb4caa6e6aa58c4f2fb747a051344f384412e6db68326c1762a700d9;184.0;184.51253229612465;201.54460354221766;1;0.9727430360571659;0.013600912906367155;0.013656051036467776;1;[M1, M3, M5, 417e91ef50991413c8e47ce52cfb8b093311cb6f7d5a9674124446f4f2338ca2];[]
RCV_PKT_REAL;203.15227651053212;417e91ef50991413c8e47ce52cfb8b093311cb6f7d5a9674124446f4f2338ca2;f2ed7b83632455b04514994e86c89c9635779fd975d4faa1560cf951ac0589ce;REAL;84a352789c359688a78eb7603ad964f83d3e63593ba52c346d822f65c3e36b4d;192.0;192.38459031505698;203.15227651053212;1;0.973619177150195;0.013172443006792848;0.01320837984301147;1;[M1, M3, M4, 417e91ef50991413c8e47ce52cfb8b093311cb6f7d5a9674124446f4f2338ca2];[]
RCV_PKT_REAL;203.63812337254274;417e91ef50991413c8e47ce52cfb8b093311cb6f7d5a9674124446f4f2338ca2;99e321742eaaffbe47edb2b9ea3a5c854ff7cf1e1c938043b5a8932a1e5bdc65;REAL;0fdffd12cdb3d281f34564c27de0e4a3bacdf6d6089457ef004c6f36b691d9cd;188.0;188.96020378835462;203.63812337254274;1;0.9737744439438454;0.013106784869319137;0.01311877118683509;1;[M0, M2, M4, 417e91ef50991413c8e47ce52cfb8b093311cb6f7d5a9674124446f4f2338ca2];[]
RCV_PKT_REAL;205.02498797164276;417e91ef50991413c8e47ce52cfb8b093311cb6f7d5a9674124446f4f2338ca2;a2136652c1ee1d96c07866a6a0358dcd80cf1ab349158011bc7d68183438c29b;REAL;b519ee63acb3b0ffdb4db614f66218afa4d9b75d1cc0e0fef916934a98348732;195.0;195.8034066605496;205.02498797164276;1;0.9743757705230683;0.012944732858745665;0.012679496618186313;1;[M0, M2, M5, 417e91ef50991413c8e47ce52cfb8b093311cb6f7d5a9674124446f4f2338ca2];[]
RCV_PKT_REAL;205.89358530797026;417e91ef50991413c8e47ce52cfb8b093311cb6f7d5a9674124446f4f2338ca2;f9b8f1e7085d3f491c62f866c30598ec5c1084390d65c0b867ed55ab885423f5;REAL;3fb7ad4b8ad388b64180a27ae7ceae7e399fb35003b8b2b0c6f2be3398172a47;189.0;191.68658084096364;205.89358530797026;1;0.9747644097708826;0.0128488309020351;0.012386759327082523;1;[M1, M3, M5, 417e91ef50991413c8e47ce52cfb8b093311cb6f7d5a9674124446f4f2338ca2];[]
RCV_PKT_REAL;206.58610020275492;417e91ef50991413c8e47ce52cfb8b093311cb6f7d5a9674124446f4f2338ca2;081815584e62a06e104a9de7e2377c9a06f17f6ae7820dec6c896b3ae8eafc99;REAL;be7647055499d94676e98ded700a00157be115408162cf00eca69b32290103cc;191.0;191.68658084096364;206.58610020275492;1;0.9750267512101912;0.012786898381167923;0.012186350408641652;1;[M0, M2, M5, 417e91ef50991413c8e47ce52cfb8b093311cb6f7d5a9674124446f4f2338ca2];[]
RCV_PKT_REAL;208.103600062534;417e91ef50991413c8e47ce52cfb8b093311cb6f7d5a9674124446f4f2338ca2;79a363289c84fb39b2abb40fc69c994c3a0945778bec04e6019b9bfe3f6dc2b4;REAL;bf295c63aad1596f3a499093d68312dd5ad871b2c1ec4a7a1c1031c1f2371d64;194.0;194.1209326290174;208.103600062534;1;0.9755018822393244;0.012655468878562788;0.011842648882112684;1;[M1, M2, M5, 417e91ef50991413c8e47ce52cfb8b093311cb6f7d5a9674124446f4f2338ca2];[]
RCV_PKT_REAL;208.43471306364975;417e91ef50991413c8e47ce52cfb8b093311cb6f7d5a9674124446f4f2338ca2;ca6a82e5800909f9c1d5856c6bbb907dea3bb206fbe771592f247624441b032d;REAL;a572427a28a7ae5bb411dc3ec0a7e6e96495528a95e4bcb7c6ae51a4a728e756;187.0;188.96020378835462;208.43471306364975;1;0.9756657236091676;0.012608627460786481;0.011725648930045815;1;[M1, M3, M5, 417e91ef50991413c8e47ce52cfb8b093311cb6f7d5a9674124446f4f2338ca2];[]
RCV_PKT_REAL;210.03692340853644;417e91ef50991413c8e47ce52cfb8b093311cb6f7d5a9674124446f4f2338ca2;8f0e78ef96dcb84414700fd0f1e96b5a0581fcfca7b9cc2a736585a1cf7904b5;REAL;9dd3b6820821e35edb7866e583d78d6e475fcfaa4825f5c0010b90e836130526;196.0;196.16156602394256;210.03692340853644;1;0.9765947645270369;0.012331603245705777;0.011073632227257033;1;[M1, M2, M5, 417e91ef50991413c8e47ce52cfb8b093311cb6f7d5a9674124446f4f2338ca2];[]
RCV_PKT_REAL;212.5452711606759;417e91ef50991413c8e47ce52cfb8b093311cb6f7d5a9674124446f4f2338ca2;d7c90aab6089baea9e37aa345b55688c508b126c0b371c60c04773c8c3ca2360;REAL;bff2d887f4c6761b2cbbfb93c24774d5c730b75dd15acafa0d83ecf7e7c6c968;199.0;199.80907013817026;212.5452711606759;1;0.9776485367588243;0.011839287888038775;0.01051217535313593;1;[M1, M2, M5, 417e91ef50991413c8e47ce52cfb8b093311cb6f7d5a9674124446f4f2338ca2];[]
RCV_PKT_REAL;220.74346113127854;417e91ef50991413c8e47ce52cfb8b093311cb6f7d5a9674124446f4f2338ca2;89b2c034711198b6c0cc778b31ff635b3f347d9643c95a91c905bdea21089c03;REAL;3afd01b678e6bb347fd8d74506c916601abb177ccba4bfa7d4b26d1fd2a9ff07;198.0;199.80907013817026;220.74346113127854;1;0.9788777055100288;0.010604209548412792;0.010518084941558264;1;[M0, M3, M5, 417e91ef50991413c8e47ce52cfb8b093311cb6f7d5a9674124446f4f2338ca2];[]
RCV_PKT_REAL;223.2736249913226;417e91ef50991413c8e47ce52cfb8b093311cb6f7d5a9674124446f4f2338ca2;5d67b66bb2f1cf430ce2813867dd363473a2b666322b67f028aa84aee7c1edf4;REAL;8800393063e2f2caa6938c1c87bb05699f4579981c97e6e41bda3e39ce2c550d;186.0;186.11753822579465;223.2736249913226;1;0.9793290736920996;0.0104742948653807;0.010196631442520216;1;[M1, M3, M4, 417e91ef50991413c8e47ce52cfb8b093311cb6f7d5a9674124446f4f2338ca2];[]
RCV_PKT_REAL;223.74743612667558;417e91ef50991413c8e47ce52cfb8b093311cb6f7d5a9674124446f4f2338ca2;4f384a8e97d476a3bd1839924e16426a846b5746d8727641804bf074420fc03c;REAL;320cecf047f5431c308ed4bdd0033201d3e4b9b5353a2f42d45aeae8f82b00f8;193.0;193.22559763421626;223.74743612667558;1;0.979334785744565;0.010555672516442979;0.010109541738992556;1;[M0, M3, M4, 417e91ef50991413c8e47ce52cfb8b093311cb6f7d5a9674124446f4f2338ca2];[]
RCV_PKT_REAL;223.86052475124183;417e91ef50991413c8e47ce52cfb8b093311cb6f7d5a9674124446f4f2338ca2;228247e2e034484b3c83a2c3348517c97e1ae3ed47f1d3c324314dbf4c6650dd;REAL;6b3af8b7d497b86d83489eb5018480967e2c9d5424740337dab16e05130bd5a2;183.0;184.51253229612465;223.86052475124183;1;0.9793671823354865;0.010555815086848833;0.010077002577665356;1;[M1, M2, M5, 417e91ef50991413c8e47ce52cfb8b093311cb6f7d5a9674124446f4f2338ca2];[]
RCV_PKT_REAL;233.33160426433736;417e91ef50991413c8e47ce52cfb8b093311cb6f7d5a9674124446f4f2338ca2;806d12a3a1a9a17c33a23234ebffb10d53386db24b1a383ec09e14ef00b05af8;REAL;286d0d978013110d7cb89537c4c12e0021928f40bda2e35a61c469dcbf189e22;190.0;191.68658084096364;233.33160426433736;1;0.9753934428222255;0.014292923669747668;0.01031363350802723;1;[M1, M3, M5, 417e91ef50991413c8e47ce52cfb8b093311cb6f7d5a9674124446f4f2338ca2];[]
RCV_PKT_REAL;234.50467291417792;417e91ef50991413c8e47ce52cfb8b093311cb6f7d5a9674124446f4f2338ca2;2cf42c96f06e373826d59ee7a36c282dd8b9db03463445619f6504133f7fd3c3;REAL;bd699af944b8d749379358b5e91f20fddad6577c437c3d113699c786272c350e;200.0;201.60404880497268;234.50467291417792;1;0.975475993317902;0.014294249543908177;0.010229757138190654;1;[M0, M2, M5, 417e91ef50991413c8e47ce52cfb8b093311cb6f7d5a9674124446f4f2338ca2];[]
RCV_PKT_REAL;235.16154609229105;417e91ef50991413c8e47ce52cfb8b093311cb6f7d5a9674124446f4f2338ca2;b6b994d40cd8852b28a81806b373bc057b476cd949cbb4e400c08499ae331c14;REAL;7c4ccc3daf28d9b6b81bdbe4f951afa96160b29a6065fd76d7366b40ca1124ec;197.0;199.80907013817026;235.16154609229105;1;0.9756342260152651;0.014226103488381317;0.01013967049635375;1;[M0, M3, M4, 417e91ef50991413c8e47ce52cfb8b093311cb6f7d5a9674124446f4f2338ca2];[]
